"Id","External_Id__c","Crew_Type__c","Roof_Type__c","Panels_Per_Day__c"
"a02As00000K3uIHIAZ","CAP-ROOF-TILE","Roof","Tile","18"
"a02As00000K3uIIIAZ","CAP-ROOF-SLATE","Roof","Slate","14"
"a02As00000K3uIJIAZ","CAP-ROOF-FLAT","Roof","Flat","26"
"a02As00000K3uIKIAZ","CAP-ROOF-METAL","Roof","Metal","22"
"a02As00000K3uILIAZ","CAP-GROUND-TILE","Ground","Tile","14"
"a02As00000K3uIMIAZ","CAP-GROUND-SLATE","Ground","Slate","10"
"a02As00000K3uINIAZ","CAP-GROUND-FLAT","Ground","Flat","22"
"a02As00000K3uIOIAZ","CAP-GROUND-METAL","Ground","Metal","18"
"a02As00000K3uIPIAZ","CAP-ELECTRICAL-TILE","Electrical","Tile","14"
"a02As00000K3uIQIAZ","CAP-ELECTRICAL-SLATE","Electrical","Slate","10"
"a02As00000K3uIRIAZ","CAP-ELECTRICAL-FLAT","Electrical","Flat","22"
"a02As00000K3uISIAZ","CAP-ELECTRICAL-METAL","Electrical","Metal","18"
