"Id","External_Id__c","Label__c","Sequence__c","Is_Template__c","Is_Done__c","Installation__c","Installation__r.Name"
"a03As00001BHPL4IAP","HANDOVER-TPL-01","Panels fixed and torqued","10","true","false","#N/A","#N/A"
"a03As00001BHU1HIAX","HANDOVER-TPL-08","Site photographs captured","80","true","false","#N/A","#N/A"
"a03As00001BHUKTIA5","HANDOVER-TPL-05","DC cabling inspected","50","true","false","#N/A","#N/A"
"a03As00001BHVcuIAH","HANDOVER-TPL-10","Installation documentation delivered","100","true","false","#N/A","#N/A"
"a03As00001BHX3VIAX","HANDOVER-TPL-03","Isolator labelled","30","true","false","#N/A","#N/A"
"a03As00001BHX3WIAX","HANDOVER-TPL-06","Monitoring configured","60","true","false","#N/A","#N/A"
"a03As00001BHaxtIAD","HANDOVER-TPL-02","Inverter commissioned","20","true","false","#N/A","#N/A"
"a03As00001BHazVIAT","HANDOVER-TPL-04","AC protection verified","40","true","false","#N/A","#N/A"
"a03As00001BHb2jIAD","HANDOVER-TPL-07","System generation verified","70","true","false","#N/A","#N/A"
"a03As00001BHb5xIAD","HANDOVER-TPL-09","Customer handover completed","90","true","false","#N/A","#N/A"
